method,horizon,type,mse_mean,mse_std,mse_sem,rmse_mean,rmse_std,rmse_sem,mae_mean,mae_std,mae_sem,r2_mean,r2_std,r2_sem,mbe_mean,mbe_std,mbe_sem,smape_mean,smape_std,smape_sem,wape_mean,wape_std,wape_sem,nrmse_range_mean,nrmse_range_std,nrmse_range_sem,nmae_range_mean,nmae_range_std,nmae_range_sem,corr_mean,corr_std,corr_sem,picp_80_mean,picp_80_std,picp_80_sem,pinaw_80_mean,pinaw_80_std,pinaw_80_sem,interval_width_mean_mean,interval_width_mean_std,interval_width_mean_sem,coverage_error_80_mean,coverage_error_80_std,coverage_error_80_sem,q10_loss_mean,q10_loss_std,q10_loss_sem,q90_loss_mean,q90_loss_std,q90_loss_sem
Centralized,1,solar,12.99494620261059,13.174711283924534,4.657963844518982,3.141913684200923,1.8893157048871494,0.6679739733639727,1.6471225105368588,0.9519319755194288,0.33655877755904734,0.9514451734169175,0.016408639647558152,0.005801330182417405,0.053066580444567676,0.28443558575209515,0.10056316574803711,102.97579955114192,22.756493558772185,8.0456354557179,18.492464955742207,3.568279718076851,1.2615773929112817,0.06169685546462153,0.012448437364408258,0.004401187237774536,0.03291117418580254,0.0065458861124226345,0.002314320229484446,0.9757464488918008,0.008232467047387499,0.0029106166375512475,0.6323813538878519,0.2630962077369236,0.09301855629762164,0.08346848645338537,0.01732738697565038,0.0061261564153629235,4.280566348937428,2.6488715634439988,0.9365175225017319,0.19484818428532252,0.24070695476934292,0.08510275999808298,0.4758669173078605,0.31400192949613787,0.11101644682618965,0.5624706144030123,0.3287585808450521,0.11623371094440108
FL+MoE,1,solar,19.001923575306886,21.02819494472987,7.434589620765585,3.756091352792497,2.36491046638963,0.8361221138415741,1.9185735046363668,1.2035681766956887,0.4255256096809251,0.9318190241270113,0.021662069292628244,0.007658698045675154,0.22753119844085762,0.2006654541221399,0.0709459516798216,98.61927393556074,34.15920529819845,12.077102853149784,21.236920056014938,4.477143315347596,1.5829091993131532,0.07328316870973577,0.013783159842317943,0.004873082895340561,0.03824378711168046,0.010774149002610825,0.003809236910630196,0.9656101179268852,0.011070861165704441,0.003914140501922209,0.6372092292967719,0.2565696274053484,0.09071106169241386,0.10414399016188275,0.021060263400709257,0.007445927532108188,5.343859562884397,3.411425201096231,1.2061209466029132,0.19040812996137385,0.23383768745329797,0.08267410724760373,0.5756580543315333,0.36559332837765696,0.12925676082620075,0.6890166046460339,0.4568583297552325,0.16152381150574238
FedAvg,1,solar,21.742582379696326,25.056810987304207,8.858920482016199,3.986946918936478,2.5849756329946882,0.9139268996462662,2.23114418946407,1.4793219936546254,0.5230193066357942,0.9244170922013999,0.02191598088385039,0.007748469349662678,0.09639824202878385,0.36520896140373665,0.12912086657933913,109.39969167425609,20.15350849164607,7.125341259571802,24.279426684697178,4.8118475560059855,1.701245018443874,0.07721758428361362,0.013059504438705221,0.004617232073772139,0.04330509020102523,0.009871417355318803,0.00349007307593425,0.9622815268795378,0.010830620147533577,0.0038292024753883193,0.6171368692902319,0.25632421930810206,0.09062429682755338,0.10803574720191701,0.015219959999532146,0.005381068462528592,5.582846995652343,3.6351992141337552,1.2852370076389934,0.2024929434610928,0.23886607042407657,0.08445190909612398,0.5904821269099684,0.3800885516472973,0.13438159616058862,0.7787372872465312,0.5465593696185221,0.19323791828915085
FedPer,1,solar,23.565701501062644,26.56645138163407,9.392658962008088,4.186628902119538,2.6268590558742515,0.9287349258149875,2.3509017596775506,1.5019481231877438,0.5310188514482308,0.9144060972964114,0.02972061821302943,0.01050782533974476,-0.10992160789434617,0.5347300448008904,0.189055620391448,103.73997567951626,29.072352382650973,10.278628757408693,25.862413003890246,3.9079584636695586,1.3816719651280533,0.08214056847075438,0.016673786512115624,0.005895073755386875,0.046771315545713454,0.011967699267802454,0.004231220653732197,0.9569644213872248,0.015519339580902172,0.0054869151285963595,0.6262296700276302,0.24456071913800376,0.08646527145717056,0.12556601740231024,0.043384224640120206,0.01533863971977475,6.255928771762762,3.80176431635769,1.344126664284781,0.19606418496504147,0.2244705901953958,0.07936233825205546,0.5991176430148981,0.3900331985615605,0.1378975597953793,0.8300304938822471,0.5488939056739366,0.19406330142700487
Local,1,solar,19.3648507768497,22.59659742127321,7.98910363416237,3.7713688551977675,2.424076315369625,0.8570404003557809,2.074121355664628,1.3674820912207648,0.4834779299266818,0.9300196218059613,0.02871786485094184,0.01015329848864989,0.27916082471296516,0.4215283875719136,0.14903279065736566,109.85390505331029,17.96908093246885,6.353029489519307,22.72204159482899,4.746105852344265,1.6780018162108945,0.0738389454051861,0.01795929031676854,0.006349567984142467,0.04082099756250253,0.010803086320026087,0.0038194677973170357,0.9654490157475201,0.013892588594178147,0.004911771801589126,0.6345834734397608,0.2522679504936114,0.08919018923503244,0.10912698271054617,0.03268732713191121,0.01155671533691872,5.421965080397248,3.2718827814104983,1.156785250991433,0.1867473615220941,0.23463595928101494,0.08295633895890815,0.5830406824681879,0.4018279079986296,0.14206761930791756,0.6904032368345375,0.4275112732625646,0.15114806017882731
Persistence,1,solar,45.18717468232469,48.489510364064934,17.143630797422848,5.839930589878811,3.558873880914323,1.2582519272911017,3.088067263577964,1.7712113384407304,0.6262177741629708,0.8374806332234347,0.020015251689289845,0.007076460098326176,0.009414041347610773,0.006176836060087371,0.002183841332182688,43.10305338496468,5.130206568587495,1.8138019267679932,34.560452424444335,2.0359332452242955,0.7198111018706168,0.11447789697316757,0.013983119729742218,0.004943779391522063,0.062029151155527686,0.00938847617101212,0.003319327582765491,0.9187483870867759,0.010000591681070215,0.003535743096781262,0.6330300113839928,0.23852835016248947,0.08433250695256782,0.195170373845436,0.01533380093682544,0.005421317311896952,10.146910553993434,6.428129233897219,2.272686885816105,0.17932066179049694,0.22805232345928753,0.0806286721917051,0.7461521187037632,0.44197021993016333,0.15626006979756416,1.2036435837543602,0.7601629240253273,0.2687581791924516
Centralized,1,wind,69.3656144002775,104.53131541252178,42.67473081710087,6.830882491509459,5.21973088817426,2.130946211778563,4.383510589206201,3.4498442271562184,1.4083930081031528,0.9184656285043848,0.037819275480850484,0.0154396545616391,-0.11575330392449033,0.17826159278511772,0.0727749905098896,59.75388396987747,29.027186019064377,11.850299069259577,16.491472476823102,7.559473671007185,3.086142202995266,0.08070591226389352,0.01820521745018879,0.007432248901562461,0.05150311230614426,0.01329942403387354,0.005429467125982886,0.9585564271087291,0.019213002122149027,0.007843675271045911,0.8042846100444428,0.10170346402043626,0.041520265320596106,0.17479608203617228,0.0706996107162951,0.028862995211388087,14.360605295524628,10.444955441070048,4.264135202788071,0.06947769947533707,0.06762427954790645,0.027607496519283185,1.0334484200846115,0.8271404245943392,0.3376786643141928,1.3590410944926017,1.0081661082622995,0.4115820902016896
FL+MoE,1,wind,81.36702976220938,128.52264214183745,52.46914894030398,7.2710863063653575,5.847905644340947,2.3873974820961665,4.413849401707352,3.538970604832587,1.444778699424767,0.9109740558386797,0.04005436723109791,0.016352126947707497,-0.17468623700048247,0.17011280772491444,0.06944826293970414,56.270161438435856,28.067455716010105,11.458490813731306,16.42105874746119,7.443474239164066,3.038785633250533,0.08452725887854444,0.019601763215269272,0.008002386322711115,0.051542363602275966,0.013754199877712897,0.0056151285867745634,0.9546730734686913,0.020685541487146887,0.008444836949447032,0.7975361447949162,0.0969173314115815,0.0395663348650978,0.1747104606800959,0.07057488398313984,0.028812075735802307,14.540213443756192,11.043084897598463,4.508320530891877,0.06184000658353409,0.06936303143466567,0.028317339004593448,1.1347975510226846,0.9797055842588083,0.3999631299315586,1.4298161536888665,1.145133514831495,0.46749879978283254
FedAvg,1,wind,82.24120357023418,130.21750596180792,53.161074197375974,7.303848461556761,5.88846342138753,2.403955125240449,4.396545808697714,3.467802327024707,1.4157243716744425,0.9101351687063993,0.040976280329317015,0.01672849639401169,0.10634865018010038,0.24552042105340097,0.10023329216901879,56.177651694646464,28.14707847083416,11.49099666727025,16.456945999770287,7.499956550234735,3.061844440186582,0.08489007627067387,0.019941519538938367,0.00814109126102331,0.05154989543837408,0.013550186680009393,0.005531840547580042,0.9544166436070523,0.02100848048783357,0.008576676244401478,0.7997562756002142,0.0980611632410654,0.04003330225406276,0.17711500097633623,0.07240130657797261,0.02955770963780736,14.823262619536203,11.470929092740207,4.68298719214338,0.0641871699091573,0.06835255431184778,0.027904813446650203,1.1340591450793178,0.9811613853570459,0.4005574582411695,1.4463100759594718,1.1614640733562571,0.4741657223828868
FedPer,1,wind,81.76825201353934,129.35586056674458,52.809308937855306,7.285265343656718,5.8678610296482345,2.3955442340334145,4.397696524879977,3.467651504019027,1.4156627984402113,0.9104740210008534,0.040933140791964494,0.01671088475163612,0.038680503036500634,0.15591951142909422,0.06365387399088847,58.913877111676165,29.083112545157036,11.873130977928488,16.491366184689472,7.627464802753423,3.1138994662973705,0.08470591043798827,0.019912356986866574,0.008129185698994438,0.0514904900294666,0.013436562002518037,0.005485453467239688,0.9546363666589027,0.020667687366538515,0.008437548035230929,0.810161031267695,0.1091773897612844,0.044571482727351217,0.18040240970978752,0.0756696147916593,0.03089199087875395,14.960889805134363,11.29150893959877,4.609739221348625,0.07573521825956497,0.07183738832256056,0.029327490974074027,1.1205911925101668,0.9711677195085063,0.3964775612430361,1.4602269925041254,1.1560230864507783,0.4719444487802888
Local,1,wind,80.79699153198672,127.1955626668415,51.9273710133272,7.255986626275559,5.811813790337432,2.37266304439956,4.483160665990045,3.62871938039813,1.4814184836206248,0.9111899579240738,0.03989976460806666,0.01628901069115376,-0.12147898668619683,0.2200819138541666,0.08984806509297867,57.403322004085396,28.32473285448784,11.563523765690276,16.632163207825595,7.476668984158028,3.052337331146702,0.08444280156740853,0.0194548178761235,0.007942396139213222,0.05222692411387394,0.013907940684481973,0.005677893008312574,0.9548244737325251,0.020461945446589098,0.008353554248134826,0.8037059063407391,0.10322657322680431,0.04214207205028563,0.17766034682836163,0.0738913277522564,0.030166008234963675,14.700981742436795,11.00462249858243,4.492618322246441,0.0675016380480561,0.07214180856695694,0.029451770018431436,1.124975979683529,0.9519687070939884,0.3886395972462147,1.4351528367203643,1.143472503023795,0.4668206945518988
Persistence,1,wind,81.2480410104276,127.6805661751185,52.12537286645026,7.278056991982035,5.825247884705579,2.378147490459287,4.272850914578155,3.311950129390235,1.3520979784251332,0.9103890977941065,0.0409316170520659,0.016710262687427407,0.02832380766046393,0.06860278456331875,0.02800696951903557,40.07503858195404,18.229299922406597,7.442080529675524,16.066905133898853,7.323079263205467,2.9896345901349974,0.08474986962652446,0.019845120363172736,0.008101736462314867,0.050372136209822865,0.01310613380636854,0.005350556721040598,0.9551695056534153,0.020491311309266794,0.008365542811370993,0.8102865946378238,0.10759142343635877,0.043924014686467075,0.17791711365624438,0.07561940112461744,0.03087149123502619,14.775613728687228,11.281340403292528,4.605587933785082,0.07459045642644165,0.07089716358407766,0.028943645831936548,1.122769511289964,0.9580037733149985,0.3911034027137783,1.4371514507481347,1.1473977325629137,0.46842316280092217
Centralized,6,solar,60.93558679993959,70.45448643123977,24.90942256027262,6.634082885739174,4.397990588579833,1.5549244843897077,3.4637029621471833,2.1666736605942005,0.7660348190122196,0.7884256237982589,0.07829145943859801,0.027680210939012094,0.352503401366739,0.47544000385512347,0.16809342538665806,116.04107294578097,20.186909411194648,7.137150267927135,38.84365489253288,9.103585498670459,3.2186035196106997,0.12733207291953247,0.015597492305841825,0.005514546289482876,0.06818526721994252,0.010322651143453652,0.003649608311679573,0.8893186482117548,0.0453982070327249,0.016050690023275298,0.6248121569345196,0.2645947126639111,0.0935483577953788,0.1844613821244746,0.030205922522065567,0.010679406323674012,9.532122997856721,5.998474532012008,2.1207810091802464,0.19832928416345974,0.2452179022237289,0.08669762076536924,1.0442552696740692,0.6810944680944291,0.24080325850910772,1.2743169031671728,0.888577070245838,0.3141594359888536
FL+MoE,6,solar,64.98174544741036,75.27332647383167,26.613139796057624,6.872187072450372,4.5045742197594585,1.5926074885750072,3.6125797566597626,2.36114271114208,0.8347900111988772,0.7671304311482061,0.08923452024649496,0.03154916719111243,0.4186005496387557,0.45965328488355395,0.16251197736791648,113.07006175620447,20.355761840938012,7.196848616972814,40.493915793143024,11.542020067767508,4.08072032925481,0.13311987479469012,0.018248764795609176,0.006451912667626795,0.07038584510093845,0.011781127603176574,0.004165257609115086,0.879204353177974,0.050305936821817436,0.017785834530324573,0.6173931685595005,0.27557661157954705,0.09743104539215448,0.1865179377949826,0.023316773465892674,0.008243724316561635,9.767415907578346,6.39258523876455,2.260120185821719,0.2083216617874305,0.25387736153464535,0.08975920196544823,1.0964890952424575,0.6016900082942159,0.21272954251851509,1.2555879335931646,0.9592491964778529,0.3391458058386183
FedAvg,6,solar,78.63368636561061,88.21830384191996,31.18988043569843,7.524050320573653,5.0168120941018906,1.7737109258390655,4.462848643487169,2.9099354297838476,1.0288175376075746,0.7337986132300932,0.0887633962902503,0.03138259971899241,0.8561433508355732,1.3987093608637173,0.4945184369879182,117.94898362426402,17.43485486044959,6.164152050413572,48.763441025662964,10.20167028575241,3.6068351192424166,0.14319236377974737,0.01542209385064835,0.005452533570944402,0.08573538727293453,0.011549117550665094,0.004083229668397929,0.8645920602243559,0.048456683003609835,0.017132024572829717,0.5880513478892125,0.25698966245987637,0.09085956651011025,0.22867459229002737,0.023205553340658953,0.008204402064183044,12.049400852254836,8.029772926124098,2.838953443725248,0.2119486521107875,0.25698966245987637,0.09085956651011025,1.2444299355180943,0.9035966944822165,0.3194696750630622,1.4369189208660673,0.9224443259826269,0.32613331908468485
FedPer,6,solar,77.98686132133015,81.73281058686237,28.89691230570301,7.662657578973514,4.69291747803979,1.6591968861354032,4.539422385160815,2.7742907863249564,0.9808599139968679,0.6903325833546051,0.18041217189119635,0.06378533507642899,-0.424618875504724,1.6133968494604711,0.5704219264992553,115.97795703370268,31.981571418581797,11.30719301154053,51.037622749196224,14.048120213246788,4.966760532855306,0.15229899010812825,0.040953893815370304,0.014479388016421077,0.09130194549821465,0.03013833210296189,0.010655509501828286,0.8694088830263659,0.04630898034256089,0.016372697015029667,0.5979317018285593,0.24380010371010805,0.08619635329370048,0.27734053117129603,0.13839573507927527,0.04893028138092625,13.91775410325735,9.219906369948237,3.2597291580477217,0.20206829817144073,0.2438001037101081,0.0861963532937005,1.1040934322032923,0.7791847190475695,0.2754833993177356,1.563084740741123,1.0016255691198925,0.35412811606725547
Local,6,solar,68.20912457312342,76.60905501340876,27.08539115013731,7.135600425775684,4.445521809229506,1.5717293086094364,3.829474349869948,2.3714140421866365,0.8384214751155861,0.7329843349414791,0.11789338871027816,0.041681607307049624,0.16060113312162172,1.3048516612582381,0.461334729059116,116.65254118402395,19.008285449404568,6.720443770001776,43.87053421000248,13.263710076855308,4.689429669518366,0.1418818149487114,0.02868706588290981,0.01014240940907539,0.07711463257642438,0.022008112663081118,0.0077810428525910925,0.8751785521846529,0.05440678076415923,0.019235701810433402,0.6190922490899298,0.2796688076240033,0.09887785517864439,0.18709657851802708,0.024917571990217848,0.00880969206249351,9.76946398850738,6.320432106268084,2.2346102011856677,0.2117693597549044,0.25370210725278514,0.08969724021988057,1.0463476981628492,0.560162544864978,0.19804736702036982,1.4165111889505708,1.0424924798227981,0.36857675090934033
Persistence,6,solar,595.3013253420445,608.0968671094141,214.9947091756808,21.428230694371244,12.473159968547348,4.409927998292207,14.22092305718773,8.055041776536331,2.8478873314648876,-1.242288472714465,0.0834083727974229,0.029489313006396647,0.07045443572277588,0.0507615427027081,0.0179469155342877,125.85609025762838,10.410241358975616,3.680576129360159,160.04876658638543,7.633899607834162,2.698991089798431,0.42558876084614194,0.0425874894140628,0.015056951279197057,0.287204765283699,0.04316754899602424,0.01526203331114564,-0.11903789381995453,0.04160712657602526,0.01471034067379724,0.6332073380655433,0.20953504694418135,0.0740818262952361,0.7936246112047669,0.05126584800579577,0.018125214384088515,41.043294935415865,25.645278259490222,9.066975081350739,0.17653382080988586,0.20020681049100308,0.07078379666895915,1.6609538026531079,0.8438442126908091,0.2983439825293472,4.173380724775488,2.5075403245543777,0.8865493837955585
Centralized,6,wind,450.75247605435067,704.8824389281652,287.7670506704218,17.483942128844266,13.193827815592043,5.386357650390016,13.754559214272867,11.193264850228857,4.569631239815179,0.46461545503248275,0.21378213775640337,0.08727619227076173,-0.6720379128800467,3.266933608805334,1.3337200608537163,84.93033522441047,35.68461344813003,14.568182436062862,50.637789173108224,20.807607510329042,8.49467019473487,0.20912497596939783,0.03340646189969797,0.01363813096099787,0.16193330110754892,0.04364762014232635,0.017819066305920808,0.7190618644548442,0.0853670704031671,0.0348509605540012,0.7606727481897063,0.10188980638692245,0.041596339273155085,0.4508304270071341,0.1313993358639603,0.05364355423454875,38.33706372101358,30.39061962996424,12.406918510070419,0.07136240397931753,0.07827119959126773,0.031954083425690866,2.4593360060032308,1.9782885748299603,0.8076329287185233,3.370616601152171,2.53619367559026,1.0353967323449849
FL+MoE,6,wind,462.5492639187559,728.2581289627851,297.3101361654685,17.661935002046146,13.443451159680079,5.488265953873829,13.706008693541998,11.457512258962533,4.677509792690207,0.45334387374953256,0.2274123105296645,0.0928406870041727,-1.4223453895012554,2.4663895874402084,1.0068993326903373,84.42957721975337,35.33499991331691,14.42545330815238,49.84742388664537,19.78729292522161,8.078128509629414,0.21088525238082304,0.035389557463296126,0.01444772633466329,0.16096390801841928,0.045733107714694125,0.01867046304212358,0.7031862009757232,0.09930845477744511,0.04054250689149982,0.7628216171876421,0.09873404035569641,0.040308003185803125,0.4486712904178316,0.1439830077541041,0.05878081677145813,37.80807742119608,29.916300130970804,12.213278385472673,0.06132233152177041,0.08303357929953324,0.03389831680013005,2.5167993194767786,2.011393522809097,0.8211479671369009,3.383111329865079,2.592712620249618,1.0584704948809895
FedAvg,6,wind,519.672337506792,845.6769139801404,345.24615441714764,18.453933387724586,14.66116011896259,5.985393554783443,14.776952671738128,12.67089654671953,5.172871853842713,0.4185579604750646,0.24305731961651356,0.09922773521817041,1.0074306445856795,5.225497310622467,2.1333003438851357,84.52857475649442,35.994457001280004,14.694675536947587,53.58192463522624,22.53159771480838,9.198486248490005,0.21760717303889845,0.03989258941368305,0.016286081430312908,0.17128237809351557,0.04947911874291252,0.02019976564045252,0.6834808626620057,0.12487087329491031,0.05097832055137678,0.7553797751389544,0.09805940014102864,0.040032582471486826,0.48139526244494446,0.15824972470625615,0.06460517957770602,41.18629737089717,33.99552831864069,13.878616319500905,0.06757104453317682,0.08078234983480749,0.032979256219713884,2.6150917426414058,2.3040900642000954,0.9406408297844614,3.463221555072252,2.5114258760495605,1.0252853205239427
FedPer,6,wind,509.1193622746582,802.7753766514603,327.7316751444424,18.5278667537489,14.106913872140185,5.759123472022185,14.643362832040202,12.529748361673853,5.115248348595739,0.3837230529838718,0.31867844523017114,0.13009993047289917,-1.2204683149223479,3.2758275047525482,1.33735097866973,84.75357599335861,35.38147127421169,14.444425161793202,52.3932639176397,21.018686696864506,8.580842911790475,0.2220054084008979,0.04543061803272032,0.018546972146574817,0.16992449423587383,0.05163404101573772,0.02107950897441591,0.6686091162086824,0.1456235916447932,0.0594505823401945,0.7798115674509081,0.10520195969197278,0.04294852019769611,0.4864593843378906,0.1787299899130263,0.07296621283661647,40.674193008845094,32.036855249522645,13.078991387455856,0.06561662527274063,0.0799367867690379,0.03263405654363406,2.4969661613330483,2.091322346093944,0.8537787726017279,3.602098443356436,2.5642002448171817,1.0468303663536334
Local,6,wind,477.57895753113706,734.8604456044461,300.00552064752776,18.11633895531254,13.388527344888793,5.465843400379533,14.330881032057258,11.62852309121783,4.747324672609235,0.3994382764510224,0.3147799857832714,0.12850839106825965,-1.584688285753604,3.2811575748546162,1.3395269706769517,85.91974031526881,35.15629629506264,14.352497861500364,52.00310424926977,20.19157266065072,8.243175020487532,0.218819709447811,0.04344395823772937,0.017735921681536475,0.17054649502774324,0.0538199910462704,0.021971919337420303,0.6819250959750094,0.12220392166892856,0.04988954210931991,0.7385048250494259,0.1077516149944237,0.04398941261619383,0.45426146137474754,0.13033278356345523,0.05320813608117727,38.342853580356575,30.05239511198558,12.268838928812666,0.08556182712030852,0.08581029584117456,0.035031906581357845,2.4779526324039263,1.9905395699039388,0.8126343765139562,3.542066592880581,2.5112543388944744,1.0252152907736276
Persistence,6,wind,637.6320767758161,1063.7238648657863,434.26344935707044,20.23725857092745,16.54395753050301,6.7540423793346065,13.413232501738468,11.122496890288774,4.540740341150025,0.3159553941263435,0.27520300917882284,0.11235115802776524,0.12164739979297023,0.3185003959247348,0.1300272421483365,82.69926152812405,35.17558365168142,14.360371891867548,49.49351898956747,20.925966103893117,8.54298988821911,0.23627443302647413,0.04256788831468312,0.017378267633126034,0.15604446913506495,0.037601423014565837,0.015350716664705057,0.6551251087576221,0.14241785481017813,0.058141845757785866,0.7880821211773573,0.10949569313233443,0.04470142953443128,0.4960008925380502,0.22285781899479148,0.09098132362112865,42.17067833584433,36.10222494245469,14.738671614698962,0.06506776102994337,0.08413782494661959,0.03434912319780521,2.8579852137295827,2.4190050183953242,0.9875546633833967,3.9461081720974733,3.206659042018363,1.3091130720044855
Centralized,24,solar,67.07914113673384,78.57817886378848,27.781581563937138,6.926870717258052,4.671812521082676,1.6517351570448902,3.644846478872542,2.4496970791605417,0.866098708263649,0.7715146249760503,0.08963572319140313,0.031691013852600716,0.35017320724786655,0.6863184303355119,0.2426502080717738,108.43881088651409,24.58536591882814,8.692239479578006,40.46085694389416,12.011539701789687,4.246720587813464,0.13203177845232897,0.01612573279314933,0.005701307504819089,0.07008459660836375,0.010684884411760857,0.0037776771118752687,0.87951450785743,0.05204563267268056,0.018400909896998278,0.6160337673217827,0.26840514379649755,0.09489554864192691,0.1902098404184896,0.024953853918241783,0.008822519661163632,10.140973592584634,6.97500494187673,2.4660366466053585,0.20834624030889254,0.24720512010261878,0.08740020838429832,1.085662114905988,0.7065834983461549,0.24981499157753992,1.3074848596190325,0.9389188714255844,0.3319579504845254
FL+MoE,24,solar,67.33365702146506,78.87553112878525,27.886711465427336,6.9522887859459095,4.659777757824424,1.6474802256899481,3.6074920401510364,2.4281195989236237,0.8584699169654272,0.7663793035268662,0.09459268639312032,0.03344356499961392,0.4343361830704916,0.35604384513557624,0.12588050864754946,106.40638257237013,25.433936452889483,8.99225446905294,40.123903864080184,12.335094663476479,4.361114541561107,0.13320771400760925,0.018306508558226027,0.006472328170685595,0.06958790177891117,0.01316714303672038,0.004655288065059105,0.877814306782516,0.05327271774718153,0.0188347499856345,0.6272409645776934,0.2774824682818857,0.09810486749125125,0.19007902853347494,0.02619480497664889,0.009261262115423776,10.095122471476174,6.838482355692555,2.417768623367381,0.20660108044329095,0.24964805640407883,0.08826391679668293,1.1127755699519928,0.6578213937604787,0.23257498416881026,1.2539006437681315,0.9458011821884217,0.3343912147898431
FedAvg,24,solar,70.38661307994717,82.50257419382429,29.169064838899708,7.082295241144848,4.808053624279545,1.6999036610183114,3.840516923057001,2.5363582468100674,0.8967380579189108,0.7616366246322959,0.09800349341549569,0.03464946738703408,0.7554166973653177,1.1748226451030235,0.4153625295219323,113.82417617836349,20.50307131738523,7.248930381837249,42.45974734537387,11.855236440797315,4.191459039928826,0.13460648782359372,0.017353775693720618,0.006135486236110066,0.0738298747320489,0.01079711015692325,0.0038173549045892896,0.8784706489762723,0.049691408604343464,0.01756856599542141,0.6137778711746784,0.27311872839232704,0.09656205245763065,0.19846615486983854,0.02359756945026171,0.008343000688900282,10.55250739483566,7.041133911308722,2.489416767964478,0.20793140009582908,0.25458722657270577,0.09001017715651814,1.1909572927662815,0.8709939990425873,0.3079428815479014,1.2691107976713236,0.8422261658543759,0.2977719165841875
FedPer,24,solar,69.18755159627385,78.72207942038902,27.83245809363152,7.097305261257688,4.637217099547995,1.6395038284623003,3.7610411025315265,2.4046976689294897,0.8501890142017627,0.7543329985192814,0.09644494003396639,0.034098435554573786,0.17922173585696533,0.8594681141828846,0.3038678658761658,103.81486836916812,31.269243930456046,11.05534721290088,41.81409811561368,10.34793540353271,3.658547647559166,0.13698266208960264,0.02034450844741087,0.007192869941535612,0.07315690229303172,0.010574821458461928,0.0037387639815577227,0.8699950228875243,0.0555828295000487,0.019651497828510056,0.6158230342194801,0.2640042832097198,0.09333960945994334,0.20123837009110876,0.026576189324593862,0.009396101844758926,10.622594914823305,6.992832136775741,2.4723395118066707,0.19816017829482735,0.25216701341140496,0.08915450258738175,1.1221395639187586,0.7274841221384657,0.2572044779848258,1.3384927301392566,0.9116322783590701,0.3223106829881204
Local,24,solar,68.67081174607532,78.67763301177081,27.816743915164857,7.074254070975877,4.613736147679823,1.631202058314951,3.7950168624465603,2.441389096206899,0.8631613927213974,0.7538023350712431,0.09570821460227455,0.033837963780262846,0.40949421715886564,0.9798336083860554,0.3464234944621319,117.60943400658883,14.691013766442662,5.194057728378264,42.41507410247628,11.766049857873154,4.1599268211405604,0.13704977829294077,0.02059361098146283,0.00728094098705506,0.07405224550042636,0.014277595208524669,0.005047892195492175,0.8753415486959365,0.05397835161426161,0.019084229231858103,0.6249398595734266,0.27304584215893407,0.09653628328268699,0.189697894449693,0.029432315281050836,0.010405894860625747,10.211728018640066,7.201944266541218,2.5462718142994354,0.20211088441741668,0.25078624044376374,0.08866632562303267,1.128458681043456,0.6535328539155293,0.23105875636593404,1.294143606475983,0.973198112154907,0.3440774922713405
Persistence,24,solar,91.87482480070597,109.60978025165932,38.75290945015781,8.083432283538007,5.506665811869566,1.9469003686505477,3.4370411512024397,2.334918210043189,0.8255182499187473,0.6857329261475625,0.13820751876592513,0.048863736865176345,-0.010659427810556425,0.029049216908289224,0.010270449132005113,26.761977238204803,9.275935180147723,3.2795383338646573,38.052668787647356,11.930061322245724,4.21791363046565,0.1540889599379626,0.02364232276596985,0.008358823375409188,0.06606630127696946,0.01336246931702808,0.004724346333733864,0.8424155872013073,0.06952899098399878,0.02458221050692193,0.6500124828200077,0.27192195855072365,0.096138930422372,0.1741526413635538,0.02388802316026563,0.008445691582882563,9.040938029331068,5.70376720201622,2.016586233427545,0.20748465567674929,0.2246145411087895,0.0794132325855648,1.1583974103309904,0.8089033062540686,0.2859905065882352,1.5522375976222305,1.0534931868363684,0.37246608817291127
Centralized,24,wind,837.5965156862018,1066.3275010147765,435.32637936388574,25.380823119917583,15.23457909264285,6.219490870507953,21.96511728745133,14.62355489080695,5.9700412846764,-0.36861258841686784,1.0287390071832567,0.41998094101605626,-3.3931506375437963,9.11073376901657,3.719441486072402,99.97813173069886,35.360680174857116,14.43593723102483,83.82265984474573,32.11339155452882,13.110237203133046,0.3271927205397394,0.09318373033023732,0.03804209860636501,0.27923074646453167,0.09631147820208584,0.039318996328049145,0.2878362100392434,0.1528538968450782,0.06240234207774284,0.6686113318493705,0.1547595407710677,0.0631803179527609,0.7011969744062959,0.16217064730059677,0.06620588952388672,53.73500246840778,30.63203959588185,12.505477798440127,0.1470824237146636,0.13677063560140193,0.05583637816992831,2.888642183178772,2.220027476420013,0.9063224220312743,4.9833659753628625,2.7666811217431446,1.1294928382102818
FL+MoE,24,wind,781.0799899921825,1102.7973017092713,450.215113150971,23.937911599344385,15.800875099341406,6.450680247139151,20.325473931358896,14.85128050978091,6.063009879317345,-0.0562376497566324,0.347637696251156,0.14192249519533012,-3.39567104188747,5.866841912385356,2.3951281811530625,98.31055076843496,39.01470469934345,15.927686496459405,78.95436907627654,32.68574655520577,13.343900153697856,0.29812210478360157,0.04039872328546853,0.016492709718215183,0.2480188599175184,0.051407869104160675,0.020987174678163637,0.37633425118452485,0.2522250988287001,0.1029704654088957,0.6732331768147225,0.17067559967342288,0.06967802179056955,0.6627265800684744,0.14379142613632007,0.0587026039035135,51.03013566686871,29.499392787821176,12.043076675350006,0.15466965925293616,0.14038058656510938,0.05731013447952025,2.9610608780199574,2.102767574575214,0.8584512675631748,5.00576941829161,3.1804621548472154,1.2984182376013897
FedAvg,24,wind,861.7401817954659,1079.3636812957022,440.6483776777523,25.82591869801213,15.287724691364634,6.241187470331799,22.359573136987308,14.795530189281473,6.0402499062806365,-0.43191975624476847,1.1095711287664383,0.4529805164669572,-2.7659777983712086,10.29771738611599,4.204025518561853,101.35702763243711,35.486209440739096,14.487184339224331,84.68411561521852,31.386840585717582,12.813624012180995,0.3341166228568732,0.0984934141179952,0.04020976793562085,0.2854677295708084,0.10437358479293203,0.042610337561299554,0.36873380460974875,0.1886730303307614,0.07702544208916992,0.670734996990442,0.15218274160998022,0.062128344100378215,0.696264887321982,0.1522458590230031,0.06215411167634331,54.08979837424301,32.69019127824285,13.34571470427933,0.14256770565574717,0.13718693528346904,0.056006331803452845,2.8721497476742193,2.32468224373447,0.9490475518762947,4.832311777820123,2.2902601753381386,0.9349948012992624
FedPer,24,wind,943.1129669104977,1336.8311075335043,545.7590142894658,26.251837946862963,17.45694032717567,7.126766045299136,21.812914190112497,14.47222534733597,5.908261257257696,-0.36036188053557305,0.8793277667203115,0.35898405752097373,-4.876018598912482,9.597935387218724,3.918340713814659,102.0515205432987,36.62594218224205,14.952478282528604,84.50450523749534,33.422083529931285,13.644508464834878,0.330621484542493,0.08370820917969815,0.034173733295403214,0.27650592041338,0.0835906374896383,0.034125734853929335,0.21602761018479566,0.2210913379334491,0.09026016074769883,0.7336375668902179,0.1135509453361741,0.046356979314048634,0.7360104629462191,0.17986315268291886,0.0734288246002424,56.52498206636915,33.20331081863953,13.555194879449877,0.09608428751350462,0.08426123576275024,0.0343995054525153,3.191349941894387,3.045961245423965,1.2435084712635127,4.729205765279309,3.148797504762891,1.285491198336328
Local,24,wind,806.3308009574012,1084.0897935797127,442.5778049382398,24.662885399293,15.417115867972505,6.294011196983071,21.017092340618344,14.800839393689763,6.042417379904045,-0.20388813376014828,0.6585517292686267,0.2688526176559376,-2.7990408068542147,6.423347433249682,2.622320608679625,99.13776032056053,37.68129855474957,15.383325717434943,80.83781947029324,31.784016353770937,12.97577034050245,0.313082144022764,0.0651413928517543,0.0265938622701636,0.26105643902494263,0.06918603256302365,0.028245079517831565,0.19555949188643088,0.22628091580272056,0.09237879704105799,0.7177029304028575,0.12940237761732676,0.052828299444232896,0.6873915670032805,0.16046681713668476,0.06551030377222887,52.76437205574384,30.807255207463246,12.577009272330812,0.11589027096288916,0.09357178338327912,0.038200520601878604,2.94860855736871,2.136660448073594,0.8722879752277962,4.802415812478856,2.896388131250926,1.1824455031030134
Persistence,24,wind,1264.0378107083984,1882.551586158103,768.5484667590792,29.80009105708686,21.241253739769604,8.671705526570078,21.349371821463933,15.862993943332244,6.476040159004001,-0.5293553886221182,0.337094554874911,0.1376182757523593,0.37668132757529565,0.9315355480535877,0.3802977949991949,102.27644209695006,41.86906678622109,17.092974938792064,82.82004265877036,35.150322585271375,14.350059104690352,0.3600044352245053,0.03138375653335292,0.012812364953075422,0.2555364621021408,0.041776854113161996,0.01705532927265659,0.2052324320650751,0.22550640309259753,0.09206260355120773,0.787070735787323,0.1357807775762187,0.05543227032334531,0.7912647278016465,0.2732028278055057,0.11153458740149085,60.95459845835703,38.58347520260884,15.751637791619908,0.10249741771534025,0.07765406519252226,0.03170213936241658,3.8144716312713842,3.201996645744751,1.3072096566963183,5.808324459572848,3.9583839060834167,1.6160034626582234
