method,horizon,mse_mean,mse_std,mse_sem,rmse_mean,rmse_std,rmse_sem,mae_mean,mae_std,mae_sem,r2_mean,r2_std,r2_sem,mbe_mean,mbe_std,mbe_sem,smape_mean,smape_std,smape_sem,wape_mean,wape_std,wape_sem,nrmse_range_mean,nrmse_range_std,nrmse_range_sem,nmae_range_mean,nmae_range_std,nmae_range_sem,corr_mean,corr_std,corr_sem,picp_80_mean,picp_80_std,picp_80_sem,pinaw_80_mean,pinaw_80_std,pinaw_80_sem,interval_width_mean_mean,interval_width_mean_std,interval_width_mean_sem,coverage_error_80_mean,coverage_error_80_std,coverage_error_80_sem,q10_loss_mean,q10_loss_std,q10_loss_sem,q90_loss_mean,q90_loss_std,q90_loss_sem
Centralized,1,37.153804001610695,71.65290175424234,19.15004350946774,4.722900315904581,3.998771277693143,1.0687165778000014,2.819860258538006,2.653341465232916,0.709135335215881,0.9373110827401179,0.03133599454210005,0.00837489681788261,-0.019284798570742896,0.2515988880250668,0.06724263127736435,84.45212144488573,33.09999354574058,8.84634538232786,17.63489675049116,5.467276443104741,1.4611910920627156,0.06984359409288096,0.017498987663597778,0.004676801175183336,0.04087914766594899,0.013500525152864843,0.003608167118824581,0.9683792966990559,0.01601260057174365,0.004279547515051805,0.7060541779549622,0.22145881044820426,0.05918735671283526,0.12260888456029405,0.06545146807254164,0.01749264064205887,8.600583040331943,8.516809653405153,2.2762131251007856,0.14111797650961447,0.19262030007732722,0.051479940616210335,0.7148304184978966,0.6310504013090626,0.1686553139631939,0.9038579630128363,0.785154693921358,0.20984141859079158
FL+MoE,1,45.72982622683652,87.27531613769759,23.32530937926051,5.26251776146658,4.407164294289594,1.1778642026039305,2.9879774605239318,2.690571322284495,0.719085433047708,0.9228854662891549,0.03137396793564001,0.008385045634199732,0.05515229753742616,0.27473464171691503,0.07342592154162766,80.46965429393579,37.47392095223623,10.015326653022676,19.17297949520619,6.182216689382636,1.65226691017612,0.07810206449636806,0.016835052402928437,0.004499357012867399,0.043943177036221394,0.013487362350858168,0.0036046492120132296,0.9609228131590879,0.0161900443929893,0.004326971371087604,0.7059207645102623,0.2140975926979087,0.05721998851490349,0.13438676324111695,0.0588883037536692,0.015738561195321715,9.285154083258023,8.687646786192502,2.3218712693742907,0.13530750565658536,0.1888202380927198,0.05046433133085996,0.8152892671991696,0.7235926785281279,0.19338827790216512,1.0065021256643907,0.8726280207865059,0.23321964856298247
FedAvg,1,47.670562889926835,88.459794127282,23.64187443777477,5.408476151488029,4.453738969605453,1.1903118081705146,3.1591734548499173,2.6533501090372487,0.7091376453697618,0.9182962678463996,0.03095503741304416,0.008273081742455743,0.10066270266506236,0.30826860779688403,0.0823882509624093,86.59024596870911,35.64370622392088,9.526181191766705,20.92693496258565,7.088030504001297,1.894355835212534,0.08050579513521086,0.01613406756903013,0.004312010935597963,0.046838578159889024,0.01187503949716683,0.0031737378037718987,0.9589108626199011,0.015786987433964037,0.0042192498676570656,0.6954023291373673,0.21879689053535176,0.05847592869105488,0.1376411416766681,0.05830439006548328,0.015582503697847482,9.543025120173997,8.957864267524,2.394089929021394,0.1432190405102633,0.1938164753646533,0.051799631909046046,0.8234437061254039,0.7252437232171182,0.19382953815619758,1.0648399109806486,0.8928794643083049,0.23863207450913776
FedPer,1,48.50965172069551,87.80202374968162,23.466077909764092,5.514615948492616,4.414846257960568,1.179917293754961,3.2280995161928763,2.6352276522374605,0.7042942150589461,0.9127209217411723,0.03352820398854052,0.00896078943707044,-0.04623498892398326,0.4112663131248627,0.10991554560249481,84.52879057901337,36.19907425862614,9.674609542440496,21.846250081375633,7.3321278174366,1.9595935863487395,0.08324000074242603,0.017433785189410328,0.004659375080956235,0.04879381889589337,0.01234642004237936,0.003299719553698755,0.9559666836465154,0.017187424108062826,0.004593532312396413,0.7050573962733723,0.21380423424015144,0.05714158516915776,0.14906732839122908,0.06331521054338332,0.01692170180177125,9.986626357493448,8.763865370300334,2.3422415428197563,0.14449462780555153,0.18147999785002808,0.04850256960766262,0.8226063070842989,0.7186024034049441,0.19205457077525834,1.1001147075773379,0.8837240922659825,0.2361851984069364
Local,1,45.692911100479854,86.56118875227625,23.13445080734913,5.264776471373963,4.399742626189869,1.1758806783705358,3.1065667743755205,2.7571680760208537,0.7368841641586231,0.9219497658565808,0.03391004821684184,0.009062841599743342,0.10745804839903858,0.3957768658536697,0.10577581668825876,87.37508374649961,34.75616803445031,9.288976633004095,20.11209371468468,6.588659618074063,1.7608933520647139,0.07838345518899571,0.01867890022776038,0.004992146072429505,0.045709251798804564,0.013097684290187202,0.0035005033695722824,0.9608956405982365,0.01716773446568242,0.004588270034121015,0.7070645161116087,0.21426400344351867,0.05726446365744278,0.13849842447532423,0.062562129596354,0.01672043245260761,9.398686506985625,8.663120841330317,2.3153164348913475,0.13564205146179212,0.1881393006427905,0.05028234314232717,0.8152986669890483,0.7162096904448539,0.1914150913380047,1.009581636785606,0.8646329560290364,0.2310828776267309
Persistence,1,60.64183168008308,88.76448083923424,23.72330538680534,6.456270476494479,4.5184888982082345,1.2076169545026347,3.595831685435189,2.505657036823721,0.669665011468113,0.8687271180394368,0.04756075007746847,0.012711145131990658,0.017518226910262124,0.043874619802309646,0.011725985376800724,41.805332755102974,12.0166748010967,3.2115914309988396,26.634646442781985,10.632905242433846,2.8417634602299975,0.10173731382460624,0.02213221930336492,0.005915084417295441,0.05703328760736848,0.012221522499982651,0.003266339281406001,0.9343574379010499,0.0237738459349795,0.006353827589617263,0.7089971184927776,0.20826672018393058,0.05566162228538467,0.1877761194786396,0.04903526772121306,0.013105226548679618,12.130640486005062,8.766395193187751,2.342917666426466,0.13443628806304467,0.18119115959341828,0.04842537433648925,0.9075595726692779,0.7039739238623747,0.18814494516542074,1.3037183838945494,0.9120765616419674,0.24376271458364612
Centralized,6,227.9999679089729,483.57954122179916,129.24206875037848,11.284022561355643,10.412238503182598,2.782787793448944,7.874069927343904,8.86826161510438,2.3701426128570793,0.6496498371843548,0.2202999646527576,0.058877642146359196,-0.0865857333104549,2.1221451062450716,0.5671671366134317,102.70789963662219,31.05575163904834,8.299998751575869,43.89828386992232,15.742713374821712,4.207417127626185,0.16238617422661764,0.04821454019801656,0.012885877891558414,0.10836299602891668,0.05574953484603211,0.01489968991899052,0.8163514551730788,0.10750668702310003,0.028732370687684028,0.683038124615314,0.215775009635188,0.057668297048765686,0.29861954421704295,0.16076292062742353,0.04296569782035372,21.877097593495375,24.36041994095246,6.510596086927142,0.14391490694168452,0.19745013589188673,0.052770768534242604,1.650718442386567,1.5110086028310763,0.4038340357329907,2.1727310594464577,2.014469559207863,0.5383896361886676
FL+MoE,6,235.36782479227273,498.72003813828826,133.28853675945058,11.496364756562846,10.542295438516858,2.8175469715057018,7.938335015323578,8.964423386799545,2.395842927384828,0.632650477977346,0.22393429745291704,0.05984895844405286,-0.3703762814212491,1.8295452467131923,0.4889665347715406,100.79556838343971,30.326035877201388,8.10497401082158,44.502562118929745,15.665178542707482,4.186695072103864,0.16644789376017566,0.04749684494427636,0.012694065766729157,0.10920501492271595,0.05516302561262324,0.014742938732876562,0.8037680022341521,0.11544262435185326,0.03085333915390579,0.6797196465429897,0.22409676474258441,0.05989237965365951,0.29886937463334645,0.16245417881714336,0.043417705584532805,21.784842270557373,23.949937801667556,6.40089012059899,0.14532194881643332,0.20750091830461004,0.05545695312405859,1.7051934770571666,1.510963218937889,0.4038219063773346,2.167383674852556,2.0675299454591785,0.5525706209145471
FedAvg,6,267.65025114040264,574.9403570603582,153.65927385352404,12.208285920781195,11.301844928478973,3.0205451114869253,8.883178941309009,9.714248607763418,2.596242147156891,0.5986954763350809,0.23059403142168503,0.061628847215352146,0.9209807624427617,3.400252235689788,0.9087556353259504,103.62595125236275,30.928299969298084,8.265935860034604,50.828505429761506,16.044377989992796,4.288040387317842,0.17508442489081213,0.04691064620637795,0.01253739756403093,0.12239838333889784,0.054254289213317194,0.014500068714227004,0.7869729755547772,0.12614445593072454,0.033713523952412526,0.6597635309962447,0.215973632751483,0.0577213813094992,0.336983450927849,0.16360352156691965,0.043724880355221055,24.536642217387264,26.516375458176356,7.086799435968343,0.15007253457752578,0.2087329823607924,0.05578623609382955,1.8318564242852278,1.725395572143644,0.46113136340130834,2.3053343355258606,1.9917136791196917,0.5323078714154927
FedPer,6,262.7579331584708,548.1640551397458,146.50300614839915,12.319175796734394,10.933159765195406,2.9220098568730744,8.869682576680551,9.563035100607319,2.5558286374404187,0.5589284989100051,0.28527147348553744,0.07624200828593199,-0.7656972066837057,2.3866318550617227,0.6378541935715493,102.5960794449838,35.90769756705856,9.596735845987812,51.61861182138629,16.633318334510196,4.445441315205893,0.1821731693764581,0.05457502351703935,0.014585788562563703,0.12499732352864001,0.056078472767502094,0.014987602276394679,0.7833518401045014,0.14122668005021052,0.03774441790138787,0.6758802156667088,0.21210026971609602,0.056686181494284,0.36696289681412225,0.1847512909206327,0.04937685945637191,25.38479934850924,25.086597019043026,6.704675074665962,0.14358900978628356,0.1984275991231003,0.053032006571340475,1.7010388875446163,1.587688206295388,0.4243275217842149,2.4369477561476853,2.0409827995277827,0.5454755977236919
Local,6,243.65333869798638,505.0327143080869,134.97567043238192,11.841631224148623,10.553918415923384,2.8206533428820904,8.33007721366451,9.171776382900381,2.4512603466369995,0.5900360241598548,0.2737436925852032,0.07316107924601432,-0.5873800463963322,2.42093416911406,0.6470218726256469,103.48134081170032,30.31543562403389,8.10214097399545,47.35592136968847,16.40061281475288,4.383248148995677,0.1748551983054684,0.052251421253725054,0.013964779735959804,0.11715685934127532,0.060639676608093315,0.01620663527944681,0.79235564238052,0.13110072037942938,0.035038141344219786,0.6702690673582853,0.2243698512526956,0.05996536509350135,0.30159581402805014,0.16028838646254515,0.042838873230118445,22.01520238501418,24.170206272392665,6.459759345639133,0.15768041719722042,0.20418351564546286,0.05457033996945134,1.6598926699804537,1.4944653148744724,0.3994126560483939,2.3274635049205754,2.049948643070621,0.5478718202037433
Persistence,6,613.4430759565181,796.7317149758996,212.93550761547468,20.91781407003819,13.762920717609395,3.678295283330522,13.874769961995188,9.093413712092136,2.4303170419172133,-0.5744696726398327,0.8205241557824563,0.21929430489356283,0.09239427746714489,0.20271901257746622,0.054178935060714,107.36030651641224,32.02279869495385,8.558452948724929,112.66794618774917,58.509040651559935,15.637198867640432,0.3444540489234272,0.1054790146696839,0.02819045245631855,0.23099320979142726,0.07800157305642798,0.020846797286183643,0.212746250141864,0.4084089551581617,0.10915188456372593,0.6995822451134636,0.18595274007182608,0.04969796024861448,0.6660715889190312,0.20947329299142428,0.0559840924323732,41.52645924988521,29.253498146437718,7.818326244899749,0.12876265233276765,0.1660801817641171,0.04438679563531911,2.173967264543026,1.735493359419287,0.4638301105691641,4.075978202199196,2.711864470365504,0.7247762662480636
Centralized,24,397.3008730865059,772.8083683167849,206.54172427665821,14.835707461254994,13.814254624920988,3.6920148471508356,11.496391111120593,13.190871814971644,3.5254087831769167,0.2828886763790854,0.8684436828616029,0.23210133721259163,-1.254108440519989,5.989525125205159,1.6007679234279997,104.81280553402185,28.727362695787285,7.677710630944762,59.044486758544835,31.148338310251273,8.324743580306102,0.2156721822040763,0.11629638288581182,0.03108151571998488,0.15971866083243572,0.12314832422702064,0.03291277407234743,0.6259380945067786,0.3205845729062123,0.08567983109287845,0.6385670092621776,0.22075391270517694,0.05899896486661251,0.40920432641326376,0.2816274647975587,0.07526810599844312,28.824128825080265,29.804434590236614,7.9655702030842575,0.18209031891136584,0.20270705222311355,0.054175738521555994,1.858367858451467,1.7383196151027775,0.4645854591730959,2.882862480652102,2.642417445846051,0.706215768227872
FL+MoE,24,373.22494258034396,778.1135548929055,207.95959502956933,14.231841420259542,13.55761169450012,3.6234241388385104,10.772341422097261,12.716819858792109,3.39871306863736,0.41382918069108104,0.479342814287894,0.12810975584837914,-1.2070954847686348,4.144320505119571,1.1076162450813825,102.93674037068364,30.83909718297129,8.242095412578855,56.76553181216434,29.841232835371862,7.9754049477793005,0.2038853100544631,0.08933609984136176,0.023876076991214683,0.14605831240974285,0.09750146733582053,0.026058363248455077,0.6628942829548056,0.3038443710412478,0.08120582395258337,0.6469519126792773,0.23069774496479079,0.06165656582568573,0.39264226490561754,0.259305461009913,0.06930229954418309,27.63869955521583,28.316341077320267,7.567860482740412,0.184344757075996,0.2045725430688709,0.054674311921769365,1.9048978448382634,1.6836271277529367,0.44996827708069786,2.861844404278194,2.843357016676165,0.7599191274772779
FedAvg,24,409.5381425294551,785.4389606143747,209.91739206020156,15.115276722659399,13.964052006646888,3.732049881426129,11.777255300455705,13.345750096604549,3.56680174507139,0.2501124613992683,0.9243391266616163,0.24704002293982932,-0.7537523722360507,6.693230861746965,1.7888411925170604,108.48111251582361,27.416851897286016,7.32746188739767,60.555905175307295,30.410380169985277,8.127515971259228,0.22011083140928492,0.11996304011479653,0.0320614710846705,0.1645318125200887,0.12675020178174104,0.0338754163408385,0.6600120013906193,0.28904665415993136,0.07725096776141428,0.6381880679528628,0.22344806486636506,0.05971900731911269,0.41180846877790006,0.2730742632819452,0.07298216673905301,29.211346386010238,30.620667249315368,8.183717557239126,0.17991838819293685,0.20800372393174663,0.05559133358040767,1.9114683448696834,1.7978982056416106,0.48050850727189626,2.796196932020809,2.3974728881170746,0.6407515815295363
FedPer,24,443.7270153023698,944.5195629293601,252.43347139908104,15.306390697945663,15.018398632905035,4.013835870166056,11.49755814006623,13.023568925620161,3.4806952051933027,0.2766066217814866,0.7937908636481285,0.21214953203733475,-1.9873098361870833,6.524458827411224,1.7437349690204038,103.05914787236694,32.299462129745486,8.632394361899099,60.109986882134386,31.111719567754484,8.31495680970914,0.21997072885512708,0.11316778108939772,0.030245361718425807,0.1603064814874667,0.11684770238749906,0.031228862054696355,0.5897232745863549,0.3650439147253511,0.09756209000207049,0.6663149767926535,0.2148248649389345,0.057414360197248465,0.43042640988615605,0.29706315916456016,0.07939346884474854,30.295046551200095,31.718348348589387,8.477085171054894,0.15441336795997476,0.19929513385183986,0.05326386498034557,2.0089440116226,2.232175746290505,0.5965740621203932,2.791655459484993,2.7005726597150628,0.7217584029101868
Local,24,384.8108071223578,773.8622018511664,206.823373135826,14.61223892596893,13.581961820734561,3.6299319838166513,11.175906353091609,12.872035240587397,3.4401961243398804,0.34336356271493246,0.6431388616421055,0.17188609088461201,-0.965592221703883,4.370474208940021,1.1680583648275304,109.69300242686242,27.428256667236322,7.330509940378314,58.88196497439783,29.196711119393832,7.803149273527486,0.21249222074857932,0.10016454769003488,0.02677010141123498,0.1541968998680762,0.10570626035831414,0.028251186421281112,0.5840063814918627,0.3783330090772649,0.10111374986245435,0.6646954613574684,0.22103009084047542,0.05907277657804144,0.4029951826869448,0.27513150857190305,0.07353198867016564,28.448575463113112,29.504523117294347,7.885415490361922,0.16515919293690487,0.1979748511729,0.05291100459189665,1.9085229137542792,1.691039648886811,0.45194935668463915,2.7976888376200715,2.6424622921681475,0.7062277539116107
Persistence,24,594.230390189717,1316.0209051510456,351.7213814933813,17.39057175791609,17.726940943344786,4.737724251826531,11.113754295600222,13.577125502928938,3.6286394235136377,0.16498079124627082,0.6658685244686647,0.17796084879988888,0.15534375306909448,0.6113728413789745,0.1633962648584724,59.125319320524206,47.1646854926798,12.605292419182511,57.238686160985786,32.86952216323461,8.784749314414041,0.2423384493464809,0.10891524626406822,0.029108823979732416,0.14726779877347146,0.1011695086023595,0.027038688512736303,0.569337092142922,0.35949898790258983,0.0960801459731058,0.7087517340917142,0.22772766324134242,0.06086277809569553,0.4386292498370222,0.35979557042974175,0.09615941098764193,31.289649641770772,36.067511475722,9.63944790969208,0.1624901251218597,0.179979363269543,0.04810150814602544,2.2967149335911587,2.4811881635634063,0.6631254300123636,3.376274824172495,3.3766054643875125,0.9024357698604851
